text,label
Thuyết nào cho rằng nhà nước là công cụ của thượng đế tạo ra để bảo vệ xã hội,1
Mục đích thực sự của thuyết thần học khi giải thích về nguồn gốc nhà nước là gì,1
Tại sao thuyết thần học bị đánh giá là không mang tính khoa học,1
Theo thuyết gia trưởng thì nhà nước được coi là kết quả phát triển từ hình thức nào,1
Ai là nhà tư tưởng tiêu biểu cho rằng xã hội cần người quản lý tương tự gia đình,1
Bản chất quyền lực nhà nước trong thuyết gia trưởng được đồng nhất với quyền gì,1
Theo thực tế lịch sử yếu tố kinh tế nào dẫn đến sự tan rã của chế độ cộng sản nguyên thủy,1
Thuyết nào cho rằng nhà nước ra đời từ một bản hợp đồng dân sự giữa con người,1
J.J. Rousseau và J. Locke là đại biểu tiêu biểu của học thuyết về nguồn gốc nhà nước nào,1
Tại sao quan điểm về khế ước xã hội bị phê phán là mang tính duy tâm,1
Theo học thuyết Mác-Lênin thì nhà nước có phải là hiện tượng xã hội vĩnh cửu không,1
Sự xuất hiện của chế độ tư hữu dẫn đến hệ quả phân hóa giai cấp như thế nào,1
Nhà nước ra đời nhằm mục đích gì trong một xã hội đã bị rạn nứt về quyền lợi,1
Theo quan điểm Mác-Lênin thì nhà nước là sản phẩm của những mâu thuẫn giai cấp gì,1
Hai thuộc tính cơ bản cấu thành bản chất nhà nước theo học thuyết Mác-Lênin là gì,1
Tính giai cấp của nhà nước thể hiện qua việc áp đặt ý chí lên các phương diện nào,1
Việc nhà nước xây dựng bệnh viện và hệ thống giao thông thể hiện thuộc tính nào,1
Mối quan hệ giữa tính giai cấp và tính xã hội của nhà nước là mối quan hệ gì,1
Trong thuyết thần học thì người nắm quyền lực nhà nước thay mặt ai quản lý xã hội,1
Thuyết khế ước xã hội phủ nhận thuộc tính nào của nhà nước khi coi đó là thỏa thuận,1
Đặc điểm nào giúp nhà nước quản lý cư dân theo lãnh thổ thay vì huyết thống,1
Thiết chế nào duy nhất có thẩm quyền chia lãnh thổ thành các đơn vị hành chính,1
Quyền lực công của nhà nước cho phép sử dụng sức mạnh gì để buộc phục tùng,1
Chủ quyền quốc gia thể hiện quyền độc lập tự quyết về những yếu tố nào,1
Về mặt đối ngoại nhà nước đại diện cho ai tham gia vào các quan hệ quốc tế,1
Tổ chức nào độc quyền trong việc xây dựng và ban hành các văn bản pháp luật,1
Tại sao nhà nước có quyền đơn phương quy định các loại thuế và mức thuế suất,1
Thuế được nhà nước sử dụng để phục vụ cho hoạt động đầu tư và an ninh nào,1
Bốn kiểu nhà nước trong lịch sử tương ứng với bốn hình thái kinh tế xã hội nào,1
Quá trình thay thế kiểu nhà nước cũ được thực hiện bằng cách mạng gì,1
Tại sao các giai cấp thống trị cũ không tự nguyện từ bỏ địa vị quyền lực,1
Kiểu nhà nước nào trong lịch sử không mang bản chất bóc lột,1
Việc một quốc gia bỏ qua một kiểu nhà nước để tiến lên kiểu tiến bộ hơn là gì,1
Kiểu nhà nước sau bao giờ cũng dựa trên phương thức sản xuất có năng suất thế nào,1
Chế độ chính trị phi dân chủ chủ yếu dựa vào sức mạnh gì để quản lý,1
Nhà nước Việt Nam hiện nay được hình thành từ cuộc cách mạng nào năm 1945,2
Bản chất của nhà nước Việt Nam là nhà nước pháp quyền xã hội chủ nghĩa của ai,2
Đảng Cộng sản Việt Nam lãnh đạo nhà nước dựa trên nền tảng học thuyết nào,2
Chức năng của nhà nước Việt Nam được chia thành hai nhóm chính nào,2
Việt Nam được tổ chức theo hình thức chính thể nào trong các loại cộng hòa,2
Hệ thống quyền lực nhà nước Việt Nam có áp dụng tam quyền phân lập không,2
Sự kiện lịch sử nào năm 1975 đã giúp đất nước Việt Nam hoàn toàn thống nhất,2
Quyền lực nhà nước Việt Nam thuộc về nhân dân dựa trên liên minh giai cấp nào,2
Nhà nước Việt Nam thực hiện khối đoàn kết toàn dân qua bầu cử cơ quan gì,2
Chức năng đối nội của nhà nước Việt Nam tập trung vào việc quản lý lĩnh vực nào,2
Việc nhà nước tạo lập môi trường pháp lý cho các thành phần kinh tế thuộc chức năng gì,1
Chức năng đối ngoại của Việt Nam nhấn mạnh nhiệm vụ bảo vệ yếu tố nào,2
Nguyên tắc nào đòi hỏi Đảng lãnh đạo nhưng không làm thay cơ quan nhà nước,2
Nguyên tắc tập trung dân chủ giúp bộ máy nhà nước tránh được tình trạng cục bộ nào,2
Nhân dân thực hiện quyền lực nhà nước thông qua việc giám sát cơ quan nào,1
Sự phân công phối hợp lập pháp hành pháp tư pháp tại Việt Nam nhằm mục đích gì,2
Nhà nước Việt Nam nghiêm cấm hành vi nào để bảo vệ bình đẳng giữa các dân tộc,2
Nguyên tắc nào yêu cầu công chức phải tuân thủ pháp luật khi thực thi công vụ,2
Ai là người đứng đầu nhà nước thay mặt Việt Nam về cả đối nội và đối ngoại,2
Chủ tịch nước do cơ quan nào bầu ra và có nhiệm kỳ đi cùng cơ quan đó,2
Cơ quan nào được xác định là cơ quan đại biểu cao nhất của nhân dân Việt Nam,2
Quốc hội Việt Nam thực hiện quyền lập hiến lập pháp và quyền gì tối cao,2
Hội đồng nhân dân các cấp được xác định là cơ quan quyền lực nhà nước ở đâu,2
Cơ quan nào trách nhiệm giám sát hoạt động của Ủy ban nhân dân cùng cấp,2
Chính phủ Việt Nam được xác định là cơ quan hành chính nhà nước ở cấp bậc nào,2
Thủ tướng Chính phủ chịu trách nhiệm báo cáo công tác trước cơ quan nào,2
Ủy ban nhân dân cấp tỉnh làm việc theo chế độ kết hợp trách nhiệm tập thể và ai,2
Hệ thống cơ quan nào tại Việt Nam thực hiện quyền tư pháp bảo vệ công lý,2
Tòa án nhân dân tối cao và các tòa án quân sự hoạt động dựa trên nguyên tắc gì,2
Cơ quan nào thực hiện chức năng thực hành quyền công tố và kiểm sát tư pháp,2
Kiểm sát viên khi làm nhiệm vụ phải tuân theo sự chỉ đạo trực tiếp của ai,2
Việc đổi tên nước thành Cộng hòa xã hội chủ nghĩa Việt Nam diễn ra sau năm nào,2
Nhóm cơ quan quản lý nhà nước tại Việt Nam gồm Chính phủ và Ủy ban nhân dân nào,2
Quyền quyết định các vấn đề chiến tranh và hòa bình thuộc thẩm quyền cơ quan nào,2
Cơ quan nào trực tiếp giúp Ủy ban nhân dân quản lý chuyên môn tại địa phương,2
Theo học thuyết Mác-Lênin pháp luật ra đời đồng thời với hiện tượng xã hội nào,3
Bản chất của pháp luật mang hai thuộc tính là tính xã hội và tính gì,3
Pháp luật là công cụ để giai cấp thống trị cụ thể hóa ý chí thành quy tắc gì,3
Tại sao pháp luật cần ghi nhận cách xử sự được đa số cộng đồng chấp nhận,3
Đặc điểm nào của pháp luật giúp hướng hành vi theo một khuôn mẫu thống nhất,3
Khác với đạo đức thì tính quy phạm của pháp luật có phạm vi tác động như thế nào,3
Sức mạnh cưỡng chế nhà nước giúp phân biệt pháp luật với quy phạm xã hội nào,3
Tại sao văn bản pháp luật cần xác định chặt chẽ về hình thức và trình tự,3
Đặc điểm tính tổng quát của pháp luật cho phép áp dụng như thế nào về thời gian,3
Tính hệ thống đòi hỏi các quy định pháp luật không được xảy ra tình trạng gì,3
Tại sao pháp luật cần có tính ổn định tương đối trong một khoảng thời gian,3
Khi quan hệ thực tế thay đổi mà pháp luật giữ nguyên thì dẫn đến hậu quả gì,3
Bốn kiểu pháp luật trong lịch sử gắn với bốn hình thái sở hữu nào tương ứng,3
Ba kiểu pháp luật bóc lột chủ nô phong kiến và tư sản dựa trên chế độ nào,3
Kiểu pháp luật xã hội chủ nghĩa dựa trên chế độ nào để hướng tới công bằng,3
Quy phạm pháp luật là những quy tắc xử sự chung do tổ chức nào ban hành,3
Cấu trúc của một quy phạm pháp luật hoàn chỉnh thường gồm mấy bộ phận,3
Bộ phận nào trong quy phạm pháp luật mô tả tình huống thực tế áp dụng,3
Câu hỏi Chủ thể được làm gì hoặc không được làm gì thuộc bộ phận nào,3
Chế tài trong quy phạm pháp luật nêu lên hậu quả gì khi không thực hiện đúng,3
Việc phạt tù hoặc phạt tiền đối với hành vi vi phạm thuộc bộ phận nào,3
Quan hệ pháp luật là hình thức pháp lý của quan hệ xã hội được yếu tố nào điều chỉnh,3
Thành phần nội dung của quan hệ pháp luật gồm quyền chủ thể và yếu tố nào,3
Thực thể muốn tham gia quan hệ pháp luật phải có năng lực pháp luật và năng lực gì,3
Năng lực hành vi của một cá nhân phụ thuộc vào độ tuổi và yếu tố nhận thức nào,3
Pháp nhân phải hội đủ bao nhiêu điều kiện theo Bộ luật Dân sự năm 2015,8
Khách thể của quan hệ pháp luật là giá trị vật chất hoặc giá trị tinh thần nào,3
Sự kiện pháp lý nào xảy ra khách quan ngoài ý chí con người như thiên tai,3
Việc ký kết một bản hợp đồng kinh tế được gọi là hành vi pháp lý hay sự biến,3
Sự kiện một người qua đời làm phát sinh nhiều quan hệ pháp luật gọi là sự kiện gì,3
Hình thức thực hiện pháp luật nào yêu cầu chủ thể không làm điều cấm,3
Việc cá nhân chủ động kê khai và nộp thuế đúng hạn thuộc hình thức thực hiện nào,3
Hình thức sử dụng pháp luật cho phép chủ thể thực hiện quyền theo nhu cầu nào,3
Cơ quan nhà nước có thẩm quyền áp dụng pháp luật nhằm mục đích gì,3
Ý thức pháp luật đóng vai trò là tiền đề tư tưởng cho hoạt động nào,3
Hình thức pháp luật là phương thức biểu hiện ra bên ngoài của yếu tố nào,4
Ba nguồn luật chính hiện nay là tập quán pháp tiền lệ pháp và văn bản có đặc điểm gì khác nhau,4
Tập quán pháp là việc nhà nước thừa nhận các thói quen nào thành luật,4
Ưu điểm lớn nhất của tập quán pháp đối với chi phí xây dựng pháp luật là gì,4
Tiền lệ pháp tại Việt Nam hiện nay thường được gọi bằng tên gọi nào,4
Bản chất của tiền lệ pháp là dựa trên phán quyết của cơ quan nào,4
Hình thức pháp luật nào được coi là tiến bộ và chiếm vị trí chủ đạo nhất,4
Tại Việt Nam văn bản quy phạm pháp luật thể hiện rõ nhất ý chí của đối tượng nào,4
Án lệ tại Việt Nam là lập luận phán quyết do cơ quan nào lựa chọn,4
Việc áp dụng tập quán pháp tại Việt Nam phải không trái với nguyên tắc cơ bản nào,4
Thẩm phán có nghĩa vụ làm gì khi xét xử vụ việc có tình tiết tương tự án lệ,4
Văn bản quy phạm pháp luật bắt buộc phải chứa đựng các quy tắc xử sự nào,4
Thẩm quyền ban hành văn bản quy phạm gồm thẩm quyền nội dung và thẩm quyền gì,4
Loại văn bản quy phạm pháp luật nào chỉ Chủ tịch nước mới được quyền ban hành,4
Cơ quan nào có thẩm quyền ban hành Pháp lệnh trong hệ thống pháp luật,4
Trình tự soạn thảo văn bản quy phạm pháp luật nghiêm ngặt nhằm bảo đảm tính gì,4
Hiến pháp luật nghị quyết và pháp lệnh được sắp xếp theo thứ bậc hiệu lực như thế nào,4
Văn bản nào đứng đầu về giá trị pháp lý trong hệ thống văn bản quy phạm,4
Quốc hội ban hành loại văn bản quy phạm nào bên cạnh Hiến pháp và Luật,4
Chính phủ ban hành loại văn bản quy phạm pháp luật nào là chủ yếu,4
Hội đồng nhân dân các cấp ban hành loại văn bản quy phạm pháp luật nào,4
Việc đăng Công báo hoặc niêm yết công khai là điều kiện gì để văn bản thi hành,4
Văn bản quy phạm pháp luật cấp huyện và xã phải được công khai bằng cách nào,4
Hiệu lực theo thời gian của văn bản trung ương thường phát sinh sau bao nhiêu ngày,4
Hiệu lực hồi tố là việc văn bản pháp luật có tác động về thời điểm nào,4
Pháp luật Việt Nam nghiêm cấm hồi tố khi quy định trách nhiệm pháp lý mới hay gì,4
Văn bản quy phạm pháp luật của cấp nào tuyệt đối không được quy định hồi tố,4
Hệ quả pháp lý đối với văn bản hướng dẫn thi hành khi văn bản gốc bị bãi bỏ là gì,4
Hiệu lực theo không gian của văn bản địa phương được giới hạn ở đâu,4
Đối tượng tác động của văn bản pháp luật xác định rõ nhóm chủ thể nào,4
Một văn bản chứa quy phạm nhưng không đúng thẩm quyền thì có giá trị không,4
Nhược điểm của hệ thống văn bản quy phạm pháp luật về chi phí là gì,4
Tại sao cần sự tồn tại song song của các nguồn luật bổ trợ như tập quán án lệ,4
Văn bản quy phạm pháp luật cấp tỉnh phải đăng trên phương tiện thông tin nào,4
Thủ tục rút gọn cho phép văn bản quy phạm có hiệu lực ngay tại thời điểm nào,4
Hệ thống pháp luật Việt Nam là cấu trúc thống nhất gồm quy phạm chế định và gì,5
Yếu tố nào được coi là phần tử nhỏ nhất cấu thành hệ thống pháp luật,5
Chế định pháp luật là nhóm quy phạm điều chỉnh nhóm quan hệ xã hội loại nào,5
Tiêu chí nào được dùng để phân biệt ngành luật này với ngành luật khác trong hệ thống,5
Việc tập hợp quy phạm về điều kiện kết hôn tạo thành đơn vị cấu trúc nào,5
Ngành luật Hôn nhân và Gia đình được cấu thành từ chế định kết hôn và chế định gì,5
Mặt thể hiện bên ngoài của hệ thống pháp luật Việt Nam là hệ thống văn bản nào,5
Việc phân định ngành luật dựa trên đối tượng điều chỉnh và yếu tố nào,5
Đối tượng điều chỉnh của ngành luật xác định nhóm quan hệ xã hội chịu tác động nào,5
Phương pháp điều chỉnh thể hiện cách thức quản lý của Nhà nước đối với các bên nào,5
Ngành luật nào điều chỉnh quan hệ phát sinh giữa người lao động và chủ doanh nghiệp,5
Phương pháp mệnh lệnh quyền uy sử dụng chủ yếu trong ngành luật hình sự và gì,5
Lĩnh vực dân sự hoặc kinh tế chủ yếu sử dụng phương pháp điều chỉnh nào,5
Cách phân định ngành luật theo tiêu chuẩn Công pháp và Tư pháp phổ biến ở đâu,5
Ngành luật điều chỉnh quan hệ liên quan trực tiếp đến lợi ích Nhà nước gọi là gì,5
Ngành luật điều chỉnh quan hệ liên quan đến lợi ích tư hữu của cá nhân gọi là gì,5
Cách phân chia hệ thống pháp luật Việt Nam thành các ngành luật dựa trên tiêu chí gì,5
Ngành luật nào đóng vai trò là nền tảng quan trọng nhất trong hệ thống,5
Bộ máy nhà nước và chế độ bầu cử là nội dung cốt lõi của ngành luật nào,5
Mọi quy định của ngành luật khác không được trái với ngành luật nào,5
Luật Hành chính điều chỉnh các quan hệ phát sinh trong hoạt động quản lý nào,5
Ngành luật nào quy định trình tự giải quyết vụ án hành chính tại Tòa án,5
Luật Hình sự xác định hành vi phạm tội và quy định yếu tố gì kèm theo,5
Ngành luật nào thiết lập quy trình từ điều tra đến xét xử tội phạm,5
Quan hệ tài sản và nhân thân giữa cá nhân tổ chức do ngành luật nào điều chỉnh,5
Luật Tố tụng dân sự quy định trình tự giải quyết tranh chấp về tài sản và gì,5
Ngành luật nào tập trung điều chỉnh quan hệ kết hôn và cha mẹ con cái,5
Luật Đất đai thực hiện chức năng quản lý nguồn tài nguyên nào,5
Quan hệ về ngân sách nhà nước thuộc phạm vi điều chỉnh của ngành luật nào,5
Ngành luật nào điều chỉnh hoạt động kinh doanh giữa các thương nhân,5
Công pháp quốc tế điều chỉnh quan hệ nảy sinh giữa các đối tượng nào,5
Tư pháp quốc tế tập trung vào quan hệ dân sự có chứa yếu tố nào,5
Việc chuyển hóa giữa luật quốc tế và nội địa giúp Việt Nam thực hiện điều gì,5
Ngành luật nào quy định về địa vị cơ quan hành chính và xử phạt vi phạm,5
Hệ thống pháp luật Việt Nam được sắp xếp theo trật tự dựa trên hiệu lực gì,5
Luật Hành chính điều chỉnh quan hệ phát sinh trong quá trình chấp hành và gì,6
Phương pháp điều chỉnh chủ đạo của luật hành chính là phương pháp mệnh lệnh gì,6
Đối tượng điều chỉnh của Luật Hành chính gồm hoạt động hệ thống cơ quan nào,6
Khi thẩm phán xử phạt người gây rối tại tòa thì đang thực hiện chức năng quản lý gì,6
Quan hệ giữa Chính phủ và các Bộ là nhóm đối tượng điều chỉnh hành chính nào,6
Tại sao Luật Hành chính điều chỉnh hoạt động nội bộ của Tòa án Viện kiểm sát,6
Đặc điểm phương pháp mệnh lệnh phục tùng là bên nhà nước đưa ra yêu cầu gì,6
Việc chủ thể phải đăng ký cấp phép xây dựng là ví dụ cho phương pháp nào,6
Phương pháp thỏa thuận trong hành chính áp dụng hạn chế trong hoạt động phối hợp nào,6
Cơ quan hành chính nhà nước được phân thành cấp trung ương và cấp nào,6
Cơ quan nào là cơ quan hành chính cao nhất thực hiện quyền hành pháp,6
Chính phủ chịu trách nhiệm quản lý thống nhất hệ thống hành chính từ đâu đến đâu,6
Thủ tướng Chính phủ có quyền bổ nhiệm miễn nhiệm các thành viên nào,2
Cơ quan nào thực hiện chức năng quản lý theo ngành lĩnh vực trong toàn quốc,6
Ủy ban nhân dân các cấp là cơ quan chấp hành của tổ chức nào ở địa phương,2
Cấp Ủy ban nhân dân nào gần dân nhất trực tiếp tổ chức thi hành pháp luật,2
Nguyên tắc trực thuộc hai chiều áp dụng cho Sở Phòng thuộc cơ quan nào,6
Vi phạm hành chính là hành vi có lỗi xâm hại trật tự quản lý nhưng chưa là gì,6
Hình thức phạt tiền hoặc tước giấy phép áp dụng cho loại vi phạm nào,6
Độ tuổi tối thiểu để cá nhân bị xử phạt hành chính với lỗi cố ý là bao nhiêu,6
Người từ bao nhiêu tuổi trở lên phải chịu trách nhiệm về mọi vi phạm hành chính,6
Người nước ngoài vi phạm hành chính tại Việt Nam có bị xử lý theo luật Việt Nam không,6
Lỗi vô ý trong vi phạm hành chính là do sự cẩu thả gây hậu quả gì,6
Trách nhiệm hành chính phát sinh dựa trên văn bản luật pháp lệnh hoặc gì,6
Mục đích của trách nhiệm hành chính ngoài trừng phạt còn là để làm gì,6
Hình phạt chính phổ biến nhất trong xử phạt vi phạm hành chính là cảnh cáo và gì,6
Mỗi vi phạm hành chính chỉ bị áp dụng bao nhiêu hình thức xử phạt chính,6
Thẩm quyền tước giấy phép hành nghề có thuộc về Trưởng công an xã không,6
Giám đốc Công an tỉnh có thẩm quyền đặc biệt thực hiện hình thức xử phạt nào,6
Thủ tục xử phạt đơn giản áp dụng cho phạt cảnh cáo hoặc tiền mức như thế nào,6
Bước đầu tiên của trình tự thủ tục xử phạt vi phạm hành chính thông thường là gì,6
Tố tụng hành chính là hoạt động xét xử khiếu kiện của cơ quan nào,6
Đối tượng xét xử của Tòa hành chính gồm quyết định và hành vi gì,6
Quyết định kỷ luật buộc thôi việc áp dụng cho công chức giữ chức vụ dưới cấp nào,6
Người bị kiện trong vụ án tố tụng hành chính luôn là cơ quan hoặc cá nhân được gì,6
Hội thẩm nhân dân tham gia xét xử hành chính có quyền biểu quyết ngang hàng với ai,6
Chức năng nòng cốt của Luật Hình sự là xác định hành vi phạm tội và quy định gì,7
Quan hệ pháp luật hình sự phát sinh giữa Nhà nước và chủ thể thực hiện điều gì,7
Trong luật hình sự các chủ thể có quyền thỏa thuận về mức trách nhiệm không,7
Tại sao trách nhiệm hình sự không thể thỏa thuận như giao dịch dân sự,7
Đối tượng điều chỉnh của Luật Hình sự là quan hệ giữa Nhà nước và ai,7
Nhà nước bảo đảm quyền lợi hợp pháp nào cho người phạm tội,7
Người phạm tội được hưởng quyền gì thể hiện tính nhân văn của luật pháp,7
Phương pháp điều chỉnh của luật hình sự sử dụng sức mạnh cưỡng chế của ai,7
Tại sao người phạm tội không được ủy thác hình phạt cho người khác,7
Tội phạm là hành vi nguy hiểm có lỗi do ai thực hiện và bị Tòa án trừng trị,7
Hành vi thiếu bao nhiêu dấu hiệu cơ bản thì không bị coi là tội phạm,7
Phân loại tội phạm căn cứ vào mức tối đa của khung hình phạt hay mức Tòa tuyên,7
Tội phạm ít nghiêm trọng có hình phạt tù đến bao nhiêu năm,7
Tội phạm nghiêm trọng có hình phạt tù từ trên 3 năm đến bao nhiêu năm,7
Tội phạm đặc biệt nghiêm trọng có mức hình phạt tù trên 15 năm hoặc gì,7
Biện pháp cưỡng chế nghiêm khắc nhất chỉ do Tòa án áp dụng là gì,7
Cảnh cáo phạt tiền trục xuất tù có thời hạn là các loại hình phạt gì,7
Mỗi tội phạm cụ thể chỉ gánh chịu bao nhiêu hình phạt chính,7
Tử hình không áp dụng đối với người dưới 18 tuổi và phụ nữ đang nuôi con dưới bao nhiêu tháng,7
Pháp nhân thương mại phạm tội có thể bị hình phạt đình chỉ hoạt động gì,7
Biện pháp tư pháp nào buộc bồi thường thiệt hại để khôi phục trật tự,7
Nhà nước ưu tiên biện pháp giáo dục tại đâu cho người phạm tội dưới 18 tuổi,7
Tội phạm chức vụ do người có quyền hạn thực hiện xâm phạm đến tính chất gì,7
Tham ô và nhận hối lộ thuộc nhóm tội phạm chức vụ nào nòng cốt,7
Động cơ nào là bắt buộc để truy cứu trách nhiệm tội phạm tham nhũng,7
Luật Tố tụng Hình sự quy định trình tự từ khởi tố đến giai đoạn nào,7
Ngành luật nào quy định con đường dẫn đến công lý qua thủ tục tư pháp,7
Phương pháp phối hợp chế ước yêu cầu cơ quan tố tụng phải làm gì lẫn nhau,7
Viện kiểm sát thực hiện kiểm sát hoạt động của cơ quan điều tra nào,7
Điều tra viên Kiểm sát viên và Thẩm phán là những người có thẩm quyền gì,7
Chứng cứ được coi là cơ sở gì để Tòa án đưa ra phán quyết,7
Biện pháp ngăn chặn nào bắt người phạm tội khi họ đang thực hiện hành vi,7
Sau khởi tố vụ án hình sự sẽ chuyển sang giai đoạn nghiệp vụ nào,7
Bản cáo trạng quyết định đưa bị can ra xét xử do cơ quan nào ban hành,7
Hội đồng xét xử sơ thẩm hình sự thường gồm mấy Thẩm phán và mấy Hội thẩm,7
Luật Dân sự điều chỉnh quan hệ tài sản và nhân thân dựa trên nguyên tắc nào,8
Đối tượng điều chỉnh dân sự tập trung vào giá trị vật chất như vật và gì,8
Phương pháp tự định đoạt cho phép các bên tự do thỏa thuận trong khuôn khổ nào,8
Quan hệ nhân thân không gắn tài sản bảo vệ giá trị danh dự và gì,8
Quyền tác giả đối với tác phẩm là ví dụ cho quan hệ nhân thân gắn với gì,8
Tại sao luật dân sự ưu tiên hòa giải thay vì trừng trị như hình sự,8
Các bên tham gia quan hệ dân sự có địa vị pháp lý như thế nào,8
Chế định sở hữu hợp đồng và thừa kế liên kết với nhau như thế nào trong Bộ luật Dân sự,8
Quyền sở hữu bao gồm quyền chiếm hữu quyền sử dụng và quyền gì,8
Hợp đồng dân sự là sự thỏa thuận để xác lập thay đổi hoặc gì quyền nghĩa vụ,8
Cá nhân tham gia quan hệ dân sự khi có năng lực pháp luật và năng lực gì,8
Năng lực hành vi dân sự yêu cầu cá nhân đủ tuổi và khả năng gì,8
Pháp nhân trong dân sự phải có tài sản như thế nào và cơ cấu chặt chẽ,8
Quyền đối với bất động sản liền kề gồm quyền về lối đi và cấp gì,8
Thời hạn chiếm hữu tài sản vô chủ để xác lập quyền sở hữu với bất động sản là bao nhiêu năm,8
Quyền sở hữu chấm dứt khi chủ sở hữu từ bỏ tài sản hoặc tài sản bị làm sao,8
Nghĩa vụ dân sự buộc một bên thực hiện hành vi có lợi cho ai,8
Đặt cọc và bảo lãnh là các biện pháp gì để giảm rủi ro trong dân sự,8
Hợp đồng dân sự có hiệu lực ngay khi nào nếu không trái luật,8
Quyền thừa kế đảm bảo dịch chuyển di sản của người chết theo ý nguyện hoặc gì,8
Di sản thừa kế gồm tài sản riêng và phần trong khối tài sản nào,8
Người có hành vi xâm phạm tính mạng người để lại di sản có được thừa kế không,8
Di chúc miệng có hiệu lực khi tính mạng bị đe dọa và phải làm gì sau đó,8
Cha mẹ hoặc con chưa thành niên được hưởng di sản không phụ thuộc vào gì,8
Hàng thừa kế thứ nhất gồm vợ chồng cha mẹ và con của ai,8
Hàng thừa kế thứ hai được hưởng di sản khi hàng thừa kế nào không còn ai,8
Luật Tố tụng Dân sự quy định trình tự giải quyết tranh chấp tại cơ quan nào,8
Vụ án dân sự có tranh chấp còn việc dân sự là yêu cầu công nhận điều gì,8
Thời hiệu khởi kiện dân sự thường là bao nhiêu năm từ khi quyền bị xâm phạm,8
Đương sự có nghĩa vụ gì đối với chứng cứ để bảo vệ yêu cầu của mình,8
Tòa án có quyền phong tỏa tài khoản ngân hàng để đảm bảo điều gì,8
Trong giai đoạn nào Thẩm phán tổ chức phiên họp hòa giải cho các bên,8
Bản án dân sự phúc thẩm có hiệu lực vào thời điểm nào,8
Thủ tục nào xét lại bản án đã có hiệu lực khi có vi phạm nghiêm trọng,8
Phán quyết về trả lương cho lao động được thi hành vào thời điểm nào,9
Luật Lao động điều chỉnh quan hệ thuê mướn về tiền lương và an toàn gì,9
Người lao động thường được coi là bên yếu thế cần được bảo vệ như thế nào,9
Phương pháp điều chỉnh lao động kết hợp giữa thỏa thuận và mệnh lệnh gì,9
Công đoàn là tổ chức đại diện bảo vệ quyền lợi cho đối tượng nào,9
Độ tuổi lao động tối thiểu theo quy định chung là bao nhiêu tuổi,9
Người lao động có nghĩa vụ chấp hành nội quy và thực hiện đúng điều gì,9
Chủ doanh nghiệp có quyền kỷ luật nhưng phải tôn trọng yếu tố nào của nhân viên,9
Nghĩa vụ đóng bảo hiểm và đào tạo nghề thuộc về chủ thể nào,9
Hợp đồng lao động gồm loại xác định thời hạn và loại không xác định gì,9
Chủ doanh nghiệp không được đuổi việc lao động nữ đang mang thai hoặc gì,9
Người lao động được nghỉ việc ngay nếu bị ngược đãi hoặc nợ yếu tố gì,9
Thời gian báo trước của người lao động khi nghỉ việc tùy thuộc vào loại gì,9
Hợp đồng lao động dưới 01 tháng có thể được giao kết bằng lời nói không,9
Sau bao nhiêu lần ký hợp đồng xác định thời hạn thì phải chuyển sang vô hạn,9
Người lao động phải quay lại làm việc sau bao nhiêu ngày hết tạm hoãn,9
Giờ làm việc bình thường hằng ngày không được vượt quá bao nhiêu giờ,9
Làm việc từ 6 đến 8 giờ liên tục thì được nghỉ giữa giờ ít nhất bao nhiêu phút,9
Người lao động được hưởng nguyên lương trong bao nhiêu ngày lễ tết hằng năm,9
Giờ làm việc ban đêm được tính từ 22 giờ đến mấy giờ sáng,9
Khoảng cách giữa hai ca làm việc của công nhân tối thiểu là bao nhiêu giờ,9
Người lao động được nghỉ bao nhiêu ngày khi vợ hoặc chồng qua đời,9
Số ngày nghỉ phép năm tăng thêm theo thâm niên cứ mỗi 5 năm cộng thêm mấy ngày,9
Lao động làm việc trong điều kiện bình thường có khởi đầu bao nhiêu ngày phép,9
Tiền lương làm thêm giờ ngày lễ tết hưởng ít nhất bao nhiêu phần trăm lương,9
Mức khấu trừ lương hằng tháng tối đa không quá bao nhiêu phần trăm thu nhập,9
Lương tối thiểu vùng là mức sàn để bảo đảm yếu tố gì cho nhân viên,9
Chủ doanh nghiệp chậm lương từ 15 ngày phải đền bù thêm tiền gì,9
Làm việc ban đêm được hưởng thêm ít nhất bao nhiêu phần trăm đơn giá lương,9
Mức tạm ứng lương tối đa thông thường không quá bao nhiêu tháng lương,9
Nếu ngừng việc do lỗi của người sử dụng lao động thì lương trả thế nào,9
Nội quy lao động phải được đăng ký trong vòng bao nhiêu ngày kể từ khi ban hành,9
Sa thải là hình thức kỷ luật áp dụng cho hành vi nghiêm trọng như trộm cắp hay gì,9
Chủ doanh nghiệp không được kỷ luật khi nhân viên đang nuôi con dưới mấy tháng,9
Người lao động đóng 8% tiền lương vào quỹ bảo hiểm xã hội để hưởng gì,9
Bảo hiểm thất nghiệp dành cho lao động có hợp đồng từ bao nhiêu tháng trở lên,9
Luật Hôn nhân và gia đình điều chỉnh quan hệ dựa trên sự tự nguyện và gì,10
Đối tượng điều chỉnh của luật này gồm quan hệ nhân thân và quan hệ gì,10
Tại sao các quyền nhân thân gia đình tuyệt đối không được chuyển nhượng,10
Tính chất bền vững của quyền nghĩa vụ giúp gia đình thực hiện chức năng gì,10
Việc chia sẻ tài sản giữa cha mẹ con cái dựa trên tinh thần tương trợ hay gì,10
Nguyên tắc hôn nhân tiến bộ tại Việt Nam là một vợ và mấy chồng,10
Kết hôn là việc nam nữ xác lập quan hệ và phải đăng ký tại cơ quan nào,10
Sống chung không đăng ký kết hôn có làm phát sinh quyền vợ chồng không,10
Độ tuổi kết hôn của nam là từ đủ bao nhiêu tuổi và nữ là từ đủ bao nhiêu,10
Hành vi lừa dối để kết hôn bị coi là vi phạm nghiêm trọng và bị xử lý gì,10
Pháp luật cấm kết hôn giữa những người có quan hệ huyết thống trong vòng mấy đời,10
Giấy chứng nhận kết hôn do Ủy ban nhân dân cấp nào có thẩm quyền cấp,10
Vợ chồng có nghĩa vụ bình đẳng trong việc lựa chọn yếu tố nào về nơi ở,10
Tài sản do vợ chồng tạo ra trong thời kỳ hôn nhân được coi là tài sản gì,10
Tài sản hình thành trước hôn nhân được coi là tài sản loại nào của cá nhân,10
Quyền sử dụng đất có sau khi cưới mặc nhiên là tài sản chung trừ khi được gì,10
Con sinh ra trong vòng 300 ngày từ khi ly hôn được coi là con của ai,10
Cha mẹ có nghĩa vụ trông nom và thực hiện chức năng gì đối với con cái,10
Con cái có bổn phận phụng dưỡng cha mẹ khi họ rơi vào tình trạng nào,10
Ai quản lý tài sản cho con khi con chưa đủ tuổi trưởng thành theo luật,10
Tòa án cho ly hôn khi các hành vi bạo lực gây nguy hiểm đến điều gì,10
Con dưới 36 tháng tuổi khi ly hôn thông thường giao cho ai nuôi dưỡng,10
Người không nuôi con phải thực hiện nghĩa vụ gì để đảm bảo việc học cho con,10
Người chồng không được yêu cầu ly hôn khi vợ đang mang thai hoặc nuôi con mấy tuổi,10
Nguyên tắc chia tài sản khi ly hôn là chia đôi nhưng xem xét đến yếu tố gì,10
Vợ chồng có thể tự thỏa thuận chia tài sản theo thủ tục ly hôn loại nào,10
Ông bà có nghĩa vụ nuôi dưỡng cháu khi cháu lâm vào hoàn cảnh nào,10
Anh chị em ruột có trách nhiệm đùm bọc nhau theo đạo lý của người dân nào,10
Quan hệ giữa cha mẹ nuôi và con nuôi được xác lập qua thủ tục nhận nuôi gì,10
Pháp luật Việt Nam cho phép mang thai hộ vì mục đích nhân đạo hay kinh doanh,10
Nếu một bên vợ chồng bị mất năng lực hành vi bên kia có quyền yêu cầu gì,10
Tài sản thừa kế riêng trong hôn nhân có phải là tài sản chung mặc nhiên không,10
Nghĩa vụ cấp dưỡng giữa các thành viên phát sinh khi họ gặp khó khăn gì,10
Tòa án quyết định người nuôi con dựa trên yếu tố lợi ích nào của trẻ,10
Sau khi ly hôn quyền và nghĩa vụ nhân thân giữa hai bên sẽ như thế nào,10
Cơ sở kinh tế để hình thành nhà nước theo thuyết gia trưởng là sự tan rã của chế độ nào,1
Tại sao thuyết khế ước xã hội lại coi nhà nước là sản phẩm của ý chí chủ quan,1
Dưới góc độ thuyết thần học quyền lực nhà nước mang tính chất vĩnh cửu hay tạm thời,1
Thuyết nào giải thích nhà nước ra đời để bảo vệ vị trí thống trị của giai cấp phong kiến,1
Aristote và Robert Filmer là những nhà tư tưởng tiêu biểu cho học thuyết nào,1
Sự tương đồng giữa quyền lực nhà nước và quyền gia trưởng thể hiện ở tính thứ bậc nào,1
Tại sao thuyết gia trưởng chưa giải thích đầy đủ cội nguồn hình thành nhà nước,1
Theo quan điểm Mác-Lênin hiện tượng nhà nước chỉ xuất hiện khi có mâu thuẫn giai cấp gì,1
Lực lượng sản xuất phát triển làm xuất hiện chế độ nào dẫn đến phân hóa xã hội,1
Giai cấp chiếm ưu thế về kinh tế thiết lập tổ chức nào để thực hiện sự thống trị,1
Cơ quan quản lý thị tộc bộ lạc dần chuyển hóa thành bộ máy gì của giai cấp thống trị,1
Tính xã hội của nhà nước thể hiện qua việc quản lý các công việc mang tính chất gì,1
Mối quan hệ biện chứng giữa lợi ích giai cấp cầm quyền và lợi ích xã hội là bản chất của ai,1
Trong quan điểm phi Mác-xít bản chất nhà nước thường gắn liền với cách giải thích về cái gì,1
Thuyết khế ước xã hội khẳng định nhà nước không thuộc về riêng một đối tượng nào,1
Mục tiêu duy trì trật tự chung và bảo vệ quyền lợi cá nhân thuộc về học thuyết nào,1
Đặc điểm nào của nhà nước giúp phân biệt rõ nhất với các tổ chức chính trị khác,1
Việc xác lập lãnh thổ và chia đơn vị hành chính giúp thực thi quyền lực trên quy mô nào,1
Tại sao nhà nước được coi là chủ thể có vị thế tối cao hoàn toàn khác các tổ chức xã hội,1
Chủ quyền quốc gia bao gồm quyền độc lập về lãnh thổ dân cư và yếu tố nào nữa,1
Về mặt đối nội nhà nước có quyền tối cao trong việc quyết định các vấn đề thuộc lĩnh vực nào,1
Hành vi ban hành văn bản quy phạm pháp luật nhằm định hướng yếu tố nào của các chủ thể,1
Bộ máy chuyên trách của nhà nước được thiết lập để đảm bảo pháp luật được thực thi ra sao,1
Việc huy động nguồn lực tài chính từ xã hội thông qua thuế nhằm duy trì hoạt động của ai,1
Chỉ có nhà nước mới có quyền đơn phương quy định đối tượng nào phải chịu thuế,1
Thuế giúp nhà nước thực hiện các chức năng kinh tế xã hội và đảm bảo kinh phí cho việc gì,1
Kiểu nhà nước gắn liền với các hình thái kinh tế xã hội nào trong lịch sử,1
Tính tất yếu khách quan của việc thay thế kiểu nhà nước dựa trên quy luật phát triển nào,1
Tại sao việc thay thế kiểu nhà nước không nhất thiết phải diễn ra tuần tự ở mọi quốc gia,1
Cuộc cách mạng xã hội là công cụ để phá bỏ bộ máy cũ và thiết lập bộ máy nào,1
Sự tối ưu hóa trong quản lý xã hội là đặc điểm của kiểu nhà nước ra đời vào thời điểm nào,1
Kiểu nhà nước mới phải tự hoàn thiện bộ máy để đáp ứng đòi hỏi gì của đời sống,1
Hình thức nhà nước là cách thức tổ chức và các biện pháp thực hiện cái gì của nhà nước,1
Hình thức chính thể quân chủ tuyệt đối tập trung toàn bộ quyền lực vào tay ai,1
Chế độ chính trị dân chủ tạo điều kiện cho nhân dân tham gia vào hoạt động quản lý nào,1
Nhiệm vụ cách mạng xã hội chủ nghĩa tại Việt Nam được thực hiện sau đại thắng năm nào,2
Nhà nước Việt Nam dân chủ Cộng hòa được lập nên sau thắng lợi của cuộc khởi nghĩa nào,2
Đặc điểm nhà nước pháp quyền Việt Nam là nhà nước của dân do dân và vì ai,2
Tính nhân dân sâu sắc của nhà nước Việt Nam thể hiện qua nền tảng liên minh nào,2
Quyền lực nhà nước Việt Nam thuộc về nhân dân và không thuộc về cá nhân nào,2
Chính sách đối ngoại của Việt Nam dựa trên nguyên tắc hữu nghị và yếu tố nào,2
Phương tiện để thực hiện các nhiệm vụ cụ thể của nhà nước được gọi là gì,1
Chức năng đối nội tập trung quản lý văn hóa giáo dục nhằm nâng cao yếu tố nào,2
Việc bảo đảm ổn định chính trị và an ninh trật tự thuộc nhóm chức năng nào,2
Chức năng đối ngoại giúp khẳng định vị thế của Việt Nam trên trường quốc tế ra sao,2
Hoạt động đối ngoại nỗ lực tạo dựng môi trường quốc tế như thế nào để xây dựng đất nước,2
Việc tổ chức quyền lực nhà nước Việt Nam đặt dưới sự lãnh đạo của tổ chức chính trị nào,2
Nguyên tắc nào thay thế cho tam quyền phân lập trong tổ chức bộ máy nhà nước Việt Nam,2
Cấu trúc nhà nước đơn nhất nghĩa là Việt Nam không phân chia thành các quốc gia nào,2
Toàn bộ lãnh thổ Việt Nam được quản lý dưới một bản hiến pháp và hệ thống pháp luật gì,2
Sự quản lý tập trung xuyên suốt từ trung ương đến cơ sở là ưu điểm của cấu trúc nào,2
Chế độ chính trị dân chủ xã hội chủ nghĩa chú trọng phát huy quyền gì của nhân dân,1
Nhà nước Việt Nam xử lý nghiêm minh hành vi vi phạm pháp luật để bảo vệ yếu tố nào,2
Nguyên tắc Đảng lãnh đạo và nguyên tắc tập trung dân chủ bổ sung cho nhau ra sao trong tổ chức nhà nước,2
Nguyên tắc Đảng lãnh đạo đề ra đường lối gì định hướng cho hoạt động nhà nước,2
Đảng Cộng sản Việt Nam chịu trách nhiệm về các quyết định của mình trước ai,2
Sự chỉ đạo thống nhất của cấp trên kết hợp với sự sáng tạo của cấp dưới là nguyên tắc gì,2
Nguyên tắc tất cả quyền lực thuộc về nhân dân khẳng định nhân dân là chủ thể của cái gì,2
Quốc hội và Hội đồng nhân dân là các cơ quan đại diện cho ý chí của đối tượng nào,2
Cơ chế kiểm soát giữa các cơ quan nhà nước nhằm ngăn chặn hành vi tiêu cực nào,2
Nhà nước Việt Nam đảm bảo các dân tộc có quyền dùng tiếng nói và bản sắc của mình không,2
Việc phát triển toàn diện cho dân tộc thiểu số là nội dung của nguyên tắc bình đẳng nào,2
Nguyên tắc nào yêu cầu mọi hoạt động nhà nước phải theo đúng trình tự và thẩm quyền,2
Quản lý xã hội bằng pháp luật giúp bộ máy nhà nước hoạt động như thế nào,2
Quyền hạn nào cho phép Chủ tịch nước công bố hiến pháp và đặc xá tội phạm,2
Quyền công bố hiến pháp luật và quyết định đặc xá thuộc thẩm quyền của chức danh nào,2
Quốc hội thực hiện quyền giám sát tối cao đối với hoạt động của các cơ quan nào,2
Cơ quan nào có quyền quyết định chính sách tài chính quốc gia và các vấn đề kinh tế xã hội,2
Ủy ban thường vụ Quốc hội và Hội đồng dân tộc là các bộ phận cơ cấu của cơ quan nào,2
Ủy ban nhân dân các cấp do cơ quan nào cùng cấp bầu ra để thực hiện quản lý,2
Nguyên tắc xét xử độc lập là thuộc tính bắt buộc của hệ thống cơ quan nào,2
Hệ thống Viện kiểm sát Việt Nam do chức danh nào đứng đầu và lãnh đạo thống nhất,2
Chức năng bảo vệ chế độ xã hội chủ nghĩa thông qua kiểm sát tư pháp là của cơ quan nào,2
Hệ thống Tòa án tại Việt Nam bao gồm Tòa án tối cao Tòa án cấp cao và các tòa án nào,2
Quốc hội Việt Nam được tổ chức theo hình thức mấy viện và có nhiệm kỳ bao nhiêu năm,2
Quan điểm thần học cho rằng pháp luật là do đấng thiêng liêng tạo ra và giao cho ai,3
Quan điểm tư sản lý giải pháp luật xuất hiện ngay khi xã hội hình thành vì nhu cầu gì,3
Trong thời kỳ cộng sản nguyên thủy trật tự xã hội được duy trì bằng cái gì khi chưa có luật,3
Giai cấp thống trị thừa nhận các tập quán phù hợp để biến chúng thành yếu tố nào,3
Pháp luật Mác-Lênin là kết quả tất yếu của quá trình phát triển yếu tố nào trong xã hội,3
Sự ra đời của pháp luật đánh dấu quản lý xã hội bằng loại quyền lực nào,3
Tính giai cấp của pháp luật thể hiện ở việc bảo vệ lợi ích của đối tượng nào là chính,3
Tại sao pháp luật vừa là công cụ thống trị vừa là phương tiện quản lý xã hội hiệu quả,3
Khuôn mẫu xử sự chung giúp pháp luật điều chỉnh hành vi trên quy mô như thế nào,3
Đặc điểm tính cưỡng chế của pháp luật đảm bảo mọi cá nhân phải tuân thủ kỷ cương dưới sự giám sát của ai,3
Nội dung quy tắc xử sự phải rõ ràng trong văn bản để tránh sự hiểu lầm hoặc áp dụng gì,3
Sự bình đẳng của mọi chủ thể thể hiện qua đặc điểm tính chất nào của pháp luật,3
Tính hệ thống giúp nhà nước quản lý xã hội một cách khoa học và toàn diện ra sao,3
Tại sao pháp luật thay đổi quá nhanh lại gây khó khăn cho việc tuân thủ của người dân,3
Khái niệm dùng để chỉ dấu hiệu pháp luật gắn với một hình thái kinh tế xã hội là gì,3
Kiểu pháp luật nào hướng tới xây dựng xã hội dân chủ bình đẳng và không còn áp bức,3
Mối liên hệ giữa quy tắc xử sự với nền tảng kinh tế và giai cấp được làm rõ qua cái gì,3
Thước đo cho hành vi xử sự của con người do nhà nước đặt ra được gọi là gì,3
Quy phạm pháp luật chỉ xuất hiện trong xã hội có sự tồn tại của tổ chức nào,3
Đặc điểm nào của quy phạm pháp luật gắn liền với phạm vi lãnh thổ quốc gia,3
Sự khác biệt lớn nhất giữa quy phạm pháp luật và đạo đức là ở yếu tố bảo đảm nào,3
Phần giả định của quy phạm pháp luật trả lời cho câu hỏi về đối tượng và yếu tố nào,3
Hành vi bắt người làm con tin để chiếm đoạt tài sản là ví dụ cho bộ phận nào của quy phạm,3
Bộ phận quy định của quy phạm pháp luật nêu lên cách thức xử sự mang tính chất gì,3
Năng lực chủ thể là điều kiện tiên quyết để thực thể nhân danh mình tham gia vào cái gì,3
Điều kiện về cơ cấu tổ chức chặt chẽ là yêu cầu để một tổ chức trở thành cái gì,3
Việc một pháp nhân có tài sản độc lập giúp pháp nhân đó thực hiện trách nhiệm gì,3
Khách thể của quan hệ pháp luật đóng vai trò là động lực thúc đẩy các bên làm gì,3
Sức khỏe danh dự và các tác phẩm trí tuệ có thể trở thành yếu tố nào của quan hệ pháp luật,3
Quyền chủ thể là khả năng xử sự nằm trong giới hạn mà tổ chức nào quy định,3
Nghĩa vụ chủ thể là cách xử sự bắt buộc để đáp ứng lợi ích của đối tượng nào,3
Việc tặng cho tài sản là trường hợp đặc biệt khi một bên chỉ có quyền mà không có gì,8
Cầu nối đưa quy phạm pháp luật vào áp dụng thực tế chính là các sự kiện gì,3
Sự kiện quyết định cho thôi việc làm chấm dứt quan hệ lao động là sự kiện pháp lý gì,3
Thái độ và hiểu biết của con người đối với hệ thống pháp luật được gọi là gì,3
Lăng kính chủ quan giúp chủ thể phân biệt hành vi hợp pháp và bất hợp pháp là cái gì,3
Tại sao ý thức pháp luật có tính độc lập tương đối so với thực tế xã hội,3
Khi ý thức pháp luật được nâng cao thì các chủ thể sẽ thực hiện pháp luật như thế nào,3
Việc áp dụng tương tự pháp luật phải đảm bảo tính chất gì và trong phạm vi cho phép,3
Hình thức pháp luật bên trong tập trung vào cấu trúc của cái gì,4
Nguồn luật mà xã hội có thể tiếp cận trực tiếp được gọi là hình thức pháp luật gì,4
Tập quán pháp trở thành chuẩn mực bắt buộc khi được tổ chức nào thừa nhận,4
Tại sao tập quán pháp lại gây khó khăn cho thẩm phán trong việc xác minh tình tiết,4
Nguyên tắc các trường hợp giống nhau phải được xử lý như nhau là đặc trưng của ai,3
Hạn chế của tiền lệ pháp so với văn bản quy phạm là ở tính chất hệ thống như thế nào,4
Văn bản quy phạm pháp luật do nhà nước ban hành theo một trình tự ra sao,4
Văn bản quy phạm pháp luật do cơ quan nhà nước ở địa phương ban hành không được phép quy định hiệu lực nào,4
Lỗ hổng pháp lý xảy ra khi hoạt động lập pháp không kịp dự liệu hết yếu tố nào,4
Văn bản chứa quy phạm pháp luật là loại văn bản áp dụng lặp đi lặp lại hay một lần,4
Quyết định của Thủ tướng và Thông tư của Bộ trưởng thuộc hệ thống văn bản cấp nào,4
Hệ thống văn bản của chính quyền địa phương được chia theo bao nhiêu cấp hành chính,4
Nghị quyết của Hội đồng nhân dân cấp huyện thuộc loại văn bản pháp luật nào,4
Sự thống nhất pháp lý từ trung ương đến cơ sở được đảm bảo qua mạng lưới văn bản nào,4
Nhược điểm về chi phí ban hành cao thuộc về hình thức pháp luật nào,4
Tại sao tên gọi giống nhau nhưng một số văn bản chỉ mang tính hành chính cá biệt,4
Việc ban hành quá nhiều văn bản hướng dẫn gây khó khăn gì cho việc tra cứu của dân,4
Lỗ hổng pháp lý khiến hệ thống văn bản quy phạm đôi khi trở nên như thế nào,4
Khả năng tác động thực tế của văn bản vào đời sống được gọi là yếu tố gì,4
Văn bản quy phạm cấp trung ương bắt buộc phải đăng trên loại ấn phẩm nào,4
Thời điểm bắt đầu phát sinh hiệu lực của văn bản cấp tỉnh thường sau bao nhiêu ngày,4
Trường hợp cấp bách thì văn bản quy phạm có thể có hiệu lực ngay khi nào,4
Hiệu lực hồi tố chỉ áp dụng đối với văn bản cấp nào trong trường hợp cần thiết,4
Trạng thái ngưng hiệu lực của văn bản xảy ra khi nào theo quyết định của nhà nước,4
Văn bản bị bãi bỏ hoặc hết thời hạn định sẵn thì rơi vào trạng thái hiệu lực gì,4
Văn bản quy định chi tiết thi hành sẽ ra sao khi văn bản luật mẹ hết hiệu lực,4
Hiệu lực theo không gian xác định phạm vi lãnh thổ áp dụng của văn bản đúng không,4
Việc xác định hiệu lực theo đối tượng giúp chủ thể thực thi đúng cái gì của mình,4
Văn bản trung ương có hiệu lực trên phạm vi toàn bộ khu vực nào,4
Tại sao tính xác định về hình thức giúp hạn chế sự tùy tiện trong áp dụng pháp luật,3
Môi trường pháp lý ổn định là cơ sở để xây dựng kiểu nhà nước pháp quyền nào,1
Tại Việt Nam án lệ đóng vai trò làm rõ những quy định pháp luật có cách hiểu ra sao,4
Thẩm phán không áp dụng án lệ tương tự thì phải làm gì trong bản án của mình,4
Thẩm quyền về hình thức nghĩa là tên gọi văn bản gắn liền với từng chủ thể nào,4
Văn bản nào do Ủy ban thường vụ Quốc hội ban hành có giá trị dưới Luật,4
Hệ thống pháp luật Việt Nam bao gồm mặt cấu trúc bên trong và hình thức gì bên ngoài,5
Quy phạm pháp luật là những viên gạch đầu tiên để thiết lập yếu tố nào trong xã hội,3
Mọi sự thay đổi của hệ thống pháp luật đều bắt đầu từ việc điều chỉnh yếu tố nào,5
Nhóm những quy phạm tập hợp lại để điều chỉnh một nhóm quan hệ cùng loại là gì,5
Việc tập hợp theo chế định giúp áp dụng pháp luật trở nên như thế nào,5
Đơn vị cấu trúc lớn nhất điều chỉnh quan hệ trong lĩnh vực rộng lớn là gì,5
Các chế định về kết hôn và quan hệ cha mẹ con cấu thành ngành luật nào,5
Ngành luật giúp phân định rõ ràng các mảng quản lý của tổ chức nào,5
Hệ thống văn bản quy phạm được sắp xếp theo một trật tự như thế nào về hiệu lực,4
Đối tượng điều chỉnh là tiêu chuẩn khách quan để tập hợp quy phạm vào đâu,5
Thái độ và cách thức quản lý của nhà nước đối với các bên gọi là phương pháp gì,5
Phương pháp thỏa thuận chủ yếu được sử dụng trong lĩnh vực kinh tế và lĩnh vực nào,5
Phương pháp mệnh lệnh quyền uy yêu cầu một bên phải tuyệt đối làm gì bên kia,5
Sự cân bằng giữa các phương pháp giúp bảo vệ lợi ích chung và quyền tự do nào,5
Giới hạn can thiệp của quyền lực nhà nước vào đời sống riêng tư thể hiện qua ai,5
Ngành luật Hiến pháp điều chỉnh những quan hệ cơ bản về tổ chức quyền lực của ai,5
Địa vị pháp lý của cơ quan hành chính và chế độ công chức thuộc ngành luật nào,5
Người dân khởi kiện quyết định hành chính trái pháp luật phải tuân theo thủ tục của ngành luật nào,5
Việc xác định hành vi tội phạm và hình phạt tương ứng là nhiệm vụ của ngành luật nào,5
Ngành luật nào đảm bảo quyền con người trong quá trình tố tụng hình sự,5
Luật Dân sự điều chỉnh quan hệ tài sản và nhân thân giữa các chủ thể có vị thế gì,5
Tranh chấp về tài sản và nhân thân tại tòa án được giải quyết theo ngành luật nào,5
Nền tảng gia đình hạnh phúc được bảo vệ bởi các quy định của ngành luật nào,5
Ngành luật lao động điều chỉnh quan hệ thuê mướn giữa người làm và ai,5
Việc quản lý tài nguyên đất đai thuộc phạm vi điều chỉnh của ngành luật nào,5
Ngân sách nhà nước và các quan hệ tài chính do ngành luật nào quản lý,5
Môi trường kinh doanh bình đẳng được kiến tạo bởi các quy định của ngành luật nào,5
Sự lưu thông hàng hóa và quyền lợi thương nhân được bảo vệ bởi ngành luật nào,5
Công pháp quốc tế tập trung điều chỉnh mối quan hệ giữa các chủ thể nào,5
Tư pháp quốc tế giải quyết các quan hệ dân sự có chứa yếu tố nào,5
Khung pháp lý an toàn để bảo vệ lợi ích quốc gia gồm luật nội địa và luật gì,5
Luật Hiến pháp quy định các nguyên tắc tổ chức của đời sống xã hội nào,5
Phương pháp điều chỉnh nào tôn trọng quyền tự quyết của các chủ thể tham gia,5
Ngành luật nào phối hợp bảo vệ quyền lợi công dân trước quyết định hành chính sai,5
Hệ thống pháp lý toàn diện của quốc gia được cấu thành từ bao nhiêu ngành luật nội dung,5
Luật Hành chính điều chỉnh quan hệ nảy sinh trong quá trình thực hiện chức năng gì,6
Phạm vi tác động của luật hành chính bao trùm các lĩnh vực kinh tế chính trị và gì,6
Đối tượng điều chỉnh của luật hành chính phát sinh khi chủ thể có thẩm quyền làm gì,6
Nhóm quan hệ cốt lõi nhất của luật hành chính là quan hệ giữa các cơ quan nào,6
Sự chỉ đạo xuyên suốt giữa các cấp hành chính nhằm mục đích quản lý xã hội ra sao,6
Hoạt động tuyển dụng và kỷ luật cán bộ trong Tòa án do ngành luật nào điều chỉnh,6
Việc áp dụng luật hành chính trong nội bộ cơ quan giúp duy trì tính thống nhất của cái gì,6
Khi cá nhân được nhà nước trao quyền xử phạt thì họ đang thực hiện chức năng gì,6
Cơ sở để cá nhân được trao quyền thực thi đúng thẩm quyền là ngành luật nào,6
Nội dung phương pháp mệnh lệnh thể hiện qua việc một bên đưa ra yêu cầu bắt buộc gì,6
Trật tự kỷ cương xã hội được thiết lập nhờ phương pháp điều chỉnh nào của hành chính,6
Sự phối hợp giữa các Bộ trong một chương trình quốc gia là ví dụ của phương pháp nào,6
Phương pháp thỏa thuận giúp các cơ quan hành chính giải quyết vấn đề mang tính gì,6
Đặc điểm quan hệ pháp luật hành chính là luôn có sự tham gia của bên sử dụng cái gì,6
Tranh chấp trong quan hệ hành chính thường được giải quyết theo trình tự thủ tục nào,6
Bất kỳ sự vi phạm nào trong quan hệ hành chính cũng dẫn đến trách nhiệm pháp lý trước ai,6
Năng lực chủ thể hành chính là khả năng thực tế thực hiện quyền qua hành vi của ai,6
Điều kiện bắt buộc để chủ thể giao tiếp pháp lý với cơ quan công quyền là năng lực gì,6
Khách thể của quan hệ hành chính phản ánh lợi ích mà các bên muốn làm gì,6
Sự công nhận hôn nhân hợp pháp từ nhà nước là khách thể của loại quan hệ nào,10
Quyền yêu cầu xác nhận tình trạng hôn nhân thuộc về nội dung của quan hệ pháp luật nào,10
Tính đối ứng giữa quyền và nghĩa vụ là đặc điểm của nội dung quan hệ pháp luật nào,3
Cơ quan hành chính nhà nước vận hành dựa trên nguyên tắc tập thể lãnh đạo và ai,6
Hệ thống hành chính đưa pháp luật vào đời sống qua các hoạt động điều hành như thế nào,6
Chính phủ thực hiện chức năng chấp hành của cơ quan quyền lực cao nhất nào,2
Thủ tướng Chính phủ lãnh đạo công tác của Chính phủ và hệ thống hành chính toàn quốc không,6
Cầu nối đưa nghị quyết của Quốc hội vào thực tiễn xã hội chính là cơ quan nào,2
Bộ trưởng chịu trách nhiệm cá nhân về mọi mặt công tác của ngành mình trước ai,6
Việc ban hành văn bản quy phạm chuyên ngành là nhiệm vụ của cơ quan nào,4
Ủy ban nhân dân tổ chức thi hành hiến pháp và các văn bản của cơ quan nhà nước nào,2
Hình thức hoạt động của Ủy ban nhân dân dựa trên phối hợp trách nhiệm tập thể và ai,2
Ủy ban nhân dân cấp nào trực tiếp cung cấp thủ tục hành chính cho nhân dân,6
Sự phân cấp giữa các cấp chính quyền địa phương giúp nâng cao yếu tố quản lý nào,6
Cơ quan chuyên môn thuộc Ủy ban nhân dân tham mưu theo nguyên tắc trực thuộc mấy chiều,2
Chất lượng các quyết định hành chính tại địa phương phụ thuộc vào hoạt động của cơ quan nào,6
Luật Hình sự sử dụng phương pháp nào làm phương thức tác động chủ đạo,7
Quan hệ hình sự là mối quan hệ đặc biệt mang tính đơn phương và yếu tố gì cao độ,7
Chức năng giáo dục và trừng trị người phạm tội thuộc về ngành luật nào,7
An ninh quốc gia và quyền sống của con người được bảo vệ sắc bén nhất bởi ai,7
Sự răn đe mạnh mẽ của quy phạm hình sự giúp ngăn chặn hành vi xâm hại yếu tố nào,7
Đối tượng điều chỉnh hình sự là quan hệ giữa nhà nước và chủ thể thực hiện hành vi gì,7
Khi tội phạm xảy ra nhà nước có quyền buộc người phạm tội gánh chịu loại trách nhiệm nào,7
Mối liên hệ quyền lực tối cao trong hình sự nhằm lập lại trật tự và yếu tố nào xã hội,7
Người phạm tội và pháp nhân thương mại phạm tội là một trong các chủ thể của quan hệ nào,7
Nghĩa vụ chấp hành hình phạt và các biện pháp tư pháp thuộc về chủ thể nào,7
Quyền được bào chữa là một trong những quyền lợi hợp pháp của ai trong vụ án hình sự,7
Sự cân bằng giữa trừng trị và nhân đạo phản ánh tính chất gì của pháp luật Việt Nam,7
Tại sao nhà nước áp dụng chế tài hình sự mà không cần sự thỏa thuận của cá nhân,7
Tính không thể thỏa thuận giúp ngăn chặn sự tùy tiện và đảm bảo trừng trị yếu tố nào,7
Hệ thống hình phạt của Tòa án dành cho tội phạm gồm hình phạt chính và hình phạt gì,7
Hình phạt không chỉ để trừng trị mà còn hướng tới mục tiêu giáo dục và điều gì nữa,7
Chế định tội phạm chức vụ bảo vệ sự liêm chính của bộ máy tổ chức nào,7
Đấu tranh chống tham nhũng là vai trò quan trọng của chế định tội phạm loại nào,7
Hành vi tội phạm phải chứa đựng đặc trưng nguy hiểm cho xã hội và có yếu tố gì về tâm lý,7
Việc xác định tội phạm dựa trên căn cứ gây thiệt hại cho quyền con người và yếu tố nào,7
Tính minh bạch trong định danh tội phạm giúp bảo đảm sự an toàn pháp lý cho ai,7
Tội phạm ít nghiêm trọng có mức hình phạt tù tối đa không quá bao nhiêu năm,7
Mức phạt trên 15 năm tù hoặc chung thân tử hình dành cho loại tội phạm nào,7
Việc phân loại tội phạm giúp áp dụng trình tự thủ tục tố tụng như thế nào,7
Tòa án là cơ quan duy nhất có quyền quyết định áp dụng biện pháp cưỡng chế nào,7
Cảnh cáo và cải tạo không giam giữ thuộc hệ thống hình phạt chính dành cho ai,7
Mục đích giúp người phạm tội cải tạo thành người có ích là vai trò của yếu tố nào,7
Hình phạt tước quyền sống của con người có tên gọi pháp lý là gì,7
Tử hình không áp dụng cho người dưới 18 tuổi thể hiện nguyên tắc gì của nhà nước,7
Hình phạt bổ sung tịch thu tài sản nhằm tăng cường hiệu quả xử lý đối với ai,7
Biện pháp tư pháp tịch thu vật chứng hỗ trợ hình phạt để khôi phục cái gì xã hội,7
Biện pháp hòa giải cộng đồng được ưu tiên áp dụng cho đối tượng phạm tội nào,7
Chủ thể của tội phạm chức vụ là người có quyền hạn do bầu cử hoặc do cái gì,7
Hành vi lạm dụng chức vụ để chiếm đoạt tài sản công thuộc nhóm tội phạm nào,7
Thiếu trách nhiệm gây hậu quả nghiêm trọng là một tội danh thuộc nhóm chức vụ nào,7
Luật Dân sự điều chỉnh quan hệ tài sản và nhân thân dựa trên sự bình đẳng của ai,8
Đối tượng điều chỉnh của dân sự tập trung vào các giá trị vật chất và giá trị gì con người,8
Tại sao tính chất của luật dân sự khác biệt hoàn toàn với tính cưỡng chế của hình sự,8
Quy phạm dân sự bảo vệ quyền tự quyết của ai trong các giao dịch xã hội,8
Ngành luật nào quy định quan hệ giữa các chủ thể bình đẳng về địa vị pháp lý,8
Ý chí tự nguyện là yếu tố quyết định sự phát sinh và hiệu lực của loại hợp đồng nào,8
Nền tảng bảo vệ lợi ích cá nhân và ổn định trao đổi cộng đồng là vai trò của ngành luật nào,8
Quan hệ tài sản trong dân sự gắn liền với tài sản như vật tiền và mục đích gì,8
Giao dịch mua bán xe máy giữa các cá nhân là ví dụ cho loại quan hệ nào,8
Quan hệ tài sản dân sự phản ánh kết quả của quá trình lao động và yếu tố nào,8
Quyền sở hữu tuyệt đối đối với tài sản được bảo vệ bởi những quy định của ngành luật nào,8
Giá trị nhân cách thiêng liêng như danh dự nhân phẩm thuộc loại quan hệ nhân thân nào,8
Tại sao quyền nhân thân không gắn tài sản lại được coi là giá trị thiêng liêng của con người,8
Việc bảo vệ quyền nhân thân giúp duy trì chuẩn mực đạo đức và giá trị gì bền vững,8
Phương pháp tự định đoạt giúp cá nhân thỏa mãn nhu cầu vật chất mà không cần sự can thiệp nào,8
Biểu hiện cao nhất của tính dân chủ trong hệ thống pháp luật dân sự Việt Nam là gì,8
Đặc điểm nào giúp phân biệt rõ nét luật dân sự với các ngành luật mang tính cưỡng chế,8
Luật Dân sự ưu tiên giải quyết mâu thuẫn bằng biện pháp hòa giải hay trừng phạt,8
Các chủ thể ngang hàng có quyền tự thỏa thuận về biện pháp bồi thường thiệt hại không,8
Chế định về nghĩa vụ hợp đồng và thừa kế là những nội dung nòng cốt của ngành luật nào,8
Điều kiện để một cá nhân tự mình thực hiện các giao dịch dân sự mà không cần người đại diện là gì,8
Nhà nước có được coi là một chủ thể bình đẳng khi tham gia vào giao dịch dân sự không,8
Quyền chiếm hữu quyền sử dụng và quyền định đoạt cấu thành quyền năng nào,8
Quyền đối với lòng đất được gọi bằng tên gọi pháp lý là quyền gì,8
Quyền đối với bất động sản liền kề đảm bảo cho các nhu cầu về lối đi và yếu tố gì,8
Căn cứ xác lập quyền sở hữu rõ ràng giúp hạn chế các tranh chấp kéo dài về cái gì,8
Chiếm hữu tài sản vô chủ trong thời hạn 10 năm có thể xác lập quyền sở hữu với loại nào,8
Sở hữu toàn dân do cơ quan nào đại diện quản lý theo quy định của Việt Nam,8
Nghĩa vụ dân sự phát sinh từ hợp đồng hoặc hành vi gây ra yếu tố gì trái pháp luật,8
Việc thực hiện hành vi có lợi cho bên có quyền là nội dung của cái gì trong dân sự,8
Biện pháp bảo đảm thực hiện nghĩa vụ như đặt cọc giúp giảm thiểu cái gì cho các bên,8
Hợp đồng dân sự là công cụ để thực hiện các cam kết mua bán và hoạt động gì,8
Tính tự do hợp đồng kích thích sự phát triển của yếu tố nào trong đời sống xã hội,8
Di sản của người chết được dịch chuyển cho người sống dựa trên ý nguyện hoặc cái gì,8
Di sản bao gồm tài sản riêng và các quyền sở hữu đối với đối tượng nào,8
Luật Lao động điều chỉnh quan hệ tiền lương và yếu tố gì tại nơi làm việc,9
Bên thường ở vị thế yếu hơn trong quan hệ lao động được gọi là gì,9
Ngành luật lao động quản lý công dân từ khi bắt đầu học nghề cho đến khi làm gì,9
Quyền an sinh con người được bảo đảm trong nền kinh tế nào tại Việt Nam,9
Bộ luật Lao động 2019 là văn bản luật chính điều chỉnh quan hệ giữa ai và ai,9
Việc xác lập mức lương tối thiểu nhằm mục đích bảo vệ yếu tố gì của người lao động,9
Ngành luật lao động đóng vai trò kiến tạo mối quan hệ như thế nào giữa các chủ thể,9
Nhóm quan hệ bổ trợ về an sinh xã hội thuộc đối tượng điều chỉnh của ngành luật nào,9
Việc bồi thường khi xảy ra tai nạn nghề nghiệp là quan hệ thuộc ngành luật nào,9
Sự thỏa thuận trong ký kết hợp đồng là phương pháp điều chỉnh của ngành luật nào,8
Phương pháp mệnh lệnh được áp dụng để duy trì yếu tố gì tại doanh nghiệp,9
Quyền lợi tập thể của người lao động được bảo vệ thông qua tổ chức đại diện nào,9
Mục tiêu cuối cùng của phương pháp điều chỉnh lao động là bảo vệ yếu tố gì con người,9
Người lao động phải từ đủ bao nhiêu tuổi trở lên để tham gia quan hệ lao động chính thức,9
Chủ doanh nghiệp có thể là cá nhân hoặc tổ chức có năng lực gì để thuê mướn,9
Việc đóng bảo hiểm và tuân thủ an toàn lao động là nghĩa vụ mang tính chất gì,9
Người lao động có quyền làm việc trong môi trường đảm bảo vệ sinh và cái gì,9
Quyền gia nhập công đoàn giúp người lao động đấu tranh cho điều kiện làm việc gì,9
Chủ sử dụng lao động phải tuyệt đối tôn trọng yếu tố gì của người lao động,9
Việc thiết lập giải pháp phòng chống quấy rối tình dục là nghĩa vụ của ai,9
Hợp đồng xác định thời hạn và không xác định thời hạn là hai loại hình của cái gì,9
Lao động nữ đang nghỉ thai sản có thuộc đối tượng bị đuổi việc không,9
Quyền đơn phương chấm dứt hợp đồng không cần báo trước áp dụng khi bị làm sao,9
Giao kết hợp đồng lao động phải dựa trên sự thiện chí và không vi phạm điều gì,9
Đại diện của lao động dưới 18 tuổi phải đồng ý khi ký kết hợp đồng nhằm tránh cái gì,9
Giờ làm việc bình thường không quá bao nhiêu giờ trong một tuần theo quy định,9
Người lao động được nghỉ giữa giờ ít nhất 30 phút để thực hiện việc gì,9
Lễ Quốc khánh và ngày Chiến thắng 30/4 là các ngày nghỉ lễ được hưởng cái gì,9
Nếu ngày lễ trùng vào ngày nghỉ tuần thì người lao động được quyền làm gì,9
Người lao động được nghỉ 01 ngày hưởng nguyên lương khi đối tượng nào kết hôn,9
Chế độ nghỉ việc riêng thể hiện tính chất gì của luật pháp đối với gia đình,9
Số ngày phép năm của người làm công việc nặng nhọc độc hại là bao nhiêu ngày,9
Phụ cấp và các khoản bổ sung khác cấu thành nên yếu tố thu nhập nào của công nhân,9
Ngưỡng sàn pháp lý về thu nhập mà nhà nước quy định có tên gọi là gì,9
Việc trừ lương nhân viên để bồi thường thiệt hại phải chứng minh được yếu tố nào,9
Tổng mức khấu trừ lương mỗi tháng tuyệt đối không được vượt quá bao nhiêu phần trăm,9
Bảo hiểm xã hội tự nguyện và bắt buộc là hai hình thức của hệ thống nào,9
Người sử dụng lao động đóng 17% quỹ lương vào các quỹ nào cho nhân viên,9
Hệ thống bảo hiểm tai nạn lao động giúp chia sẻ yếu tố gì cho doanh nghiệp,9
Lá chắn an toàn giúp người lao động yên tâm cống hiến được gọi là gì,9
Cấp dưỡng khi gặp khó khăn là nghĩa vụ tình cảm hay nghĩa vụ pháp lý trong gia đình,10
Bảo vệ quyền lợi phụ nữ và trẻ em là vai trò quan trọng của ngành luật nào,10
Duy trì sự ổn định của gia đình như tế bào của xã hội là mục tiêu của ngành luật nào,10
Hành lang pháp lý an toàn cho cấu trúc gia đình Việt Nam được xây dựng bởi ai,10
Quan hệ nhân thân trong gia đình mang tính gắn liền với yếu tố nào cá nhân,10
Sự gắn kết trách nhiệm trực tiếp của cá nhân đối với tổ ấm giúp ngăn chặn điều gì,10
Tại sao luật hôn nhân và gia đình quy định quyền nghĩa vụ nhân thân bền vững,10
Sự tự nguyện trong kết hôn là một trong những phương pháp điều chỉnh của ai,10
Bình đẳng giới trong gia đình giúp loại bỏ các yếu tố hủ tục lạc hậu nào,10
Chế định ly hôn là một phần cấu trúc của ngành luật độc lập nào,10
Gia đình hạnh phúc theo truyền thống dân tộc là đích đến của ngành luật nào,10
Điều kiện kết hôn về độ tuổi giúp đảm bảo sự trưởng thành về mặt yếu tố nào,10
Việc đăng ký kết hôn tại cơ quan nhà nước nhằm xác lập quan hệ gì hợp pháp,10
Ủy ban nhân dân cấp xã có thẩm quyền thực hiện thủ tục hành chính nào cho vợ chồng,10
Tình trạng hôn nhân giả tạo để xuất cảnh bị pháp luật xử lý như thế nào,10
Người đang có vợ hoặc chồng hợp pháp bị cấm làm gì với người khác,10
Cấm kết hôn giữa những người có quan hệ huyết thống để đảm bảo yếu tố gì,10
Vợ chồng có nghĩa vụ chung thủy và giúp đỡ nhau phát triển về yếu tố nào,10
Hoa lợi lợi tức từ tài sản riêng trong thời kỳ hôn nhân được coi là tài sản gì,10
Nhu cầu thiết yếu hằng ngày của gia đình là căn cứ để xác lập trách nhiệm gì của vợ chồng,10
Sự kiện sinh đẻ tự nhiên là căn cứ để xác lập quan hệ giữa ai với ai,10
Kỹ thuật hỗ trợ sinh sản hiện đại giúp đảm bảo quyền lợi tốt nhất cho đối tượng nào,10
Nghĩa vụ trông nom và giáo dục con cái của cha mẹ mang tính chất thiêng liêng hay không,10
Bổn phận hiếu thảo và phụng dưỡng cha mẹ là trách nhiệm của ai theo luật,10
Cha mẹ đại diện quản lý tài sản cho con khi con ở độ tuổi nào,10
Hành vi bạo lực gia đình là căn cứ để Tòa án giải quyết thủ tục gì,10
Điều kiện nuôi dưỡng tốt nhất là căn cứ để Tòa án giao quyền nuôi ai khi ly hôn,10
Thuận tình ly hôn xảy ra khi vợ chồng tự mình thỏa thuận được các vấn đề gì,10
Chia tài sản khi ly hôn dựa trên nguyên tắc chia đôi và xem xét đến yếu tố nào,10
Trợ cấp tiền hằng tháng cho con sau ly hôn được gọi là nghĩa vụ gì,10
Con dưới 3 tuổi khi ly hôn thường được ưu tiên giao cho ai trực tiếp nuôi,10
Nghĩa vụ giáo dục và nuôi dưỡng cháu thuộc về đối tượng nào trong gia đình,10
Mạng lưới an sinh gia đình được củng cố bởi các quy định về quan hệ nào,10
Tế bào gia đình ổn định là nền tảng để xây dựng một hệ thống xã hội như thế nào,10
Quyền yêu cầu ly hôn của người chồng bị hạn chế khi vợ đang nuôi con dưới mấy tháng,10
Nếu nhà nước không còn tồn tại thì mâu thuẫn giai cấp sẽ được giải quyết bằng phương tiện nào,1
Điểm khác biệt căn bản giữa quyền lực nhà nước và quyền lực của thủ lĩnh thị tộc là gì,1
Khi Quốc hội không họp thì cơ quan nào thay thế thực hiện một số quyền hạn lập pháp,2
Trường hợp nào Chủ tịch nước có quyền từ chối công bố luật do Quốc hội thông qua,2
Sự khác nhau giữa quy phạm pháp luật và quy phạm đạo đức ở điểm cốt lõi nào nhất,3
Tại sao một hành vi được pháp luật cho phép nhưng vẫn có thể bị lên án về mặt đạo đức,3
Khi có mâu thuẫn giữa văn bản của Bộ và Thông tư của Ủy ban nhân dân tỉnh thì áp dụng văn bản nào,4
Trường hợp nào văn bản quy phạm pháp luật có thể có hiệu lực trước ngày đăng Công báo,4
Điểm khác biệt giữa chế định pháp luật và ngành luật là ở quy mô phạm vi điều chỉnh nào,5
Tại sao Luật Hiến pháp được coi là ngành luật chủ đạo mà các ngành luật khác phải tuân theo,5
Người dân bị từ chối cấp giấy phép xây dựng trái luật có quyền khởi kiện tại cơ quan nào,6
Khi công chức thực hiện hành vi vượt thẩm quyền thì trách nhiệm pháp lý nào phát sinh,6
Điểm nào phân biệt vi phạm hành chính với tội phạm hình sự về mức độ nguy hiểm,7
Trường hợp nào người phạm tội được miễn trách nhiệm hình sự theo quy định pháp luật,7
Khi hợp đồng dân sự bị vô hiệu do bị lừa dối thì hậu quả pháp lý được giải quyết như thế nào,8
Người mua tài sản không biết tài sản đó là tài sản trộm cắp thì quyền sở hữu được xác định ra sao,8
Lao động bị sa thải trái pháp luật có quyền yêu cầu doanh nghiệp thực hiện nghĩa vụ gì,9
Khi tranh chấp lao động cá nhân không giải quyết được qua hòa giải thì đưa đến đâu,9
Trường hợp vợ chồng không thỏa thuận được tài sản khi ly hôn thì Tòa án giải quyết theo nguyên tắc nào,10
Người con nuôi hợp pháp có quyền thừa kế di sản của cha mẹ nuôi như con đẻ không,10
